<?xml version="1.0" encoding="UTF-8"?>

<beans xmlns="http://www.springframework.org/schema/beans"
    xmlns:xsi="http://www.w3.org/2001/XMLSchema-instance"
    xsi:schemaLocation="http://www.springframework.org/schema/beans
    http://www.springframework.org/schema/beans/spring-beans-3.0.xsd">
    
    <bean id="propertyUtil" class="com.qj.schedule.util.PropertyUtil">
    	<property name="ignoreResourceNotFound" value="true"/>    
        <property name="ignoreUnresolvablePlaceholders" value="true" /> 
	    <property name="locations">
	        <list>
	            <value>classpath*:config.properties</value>
	        </list>
	    </property>
	</bean> 
	<bean id="dataSource" class="org.logicalcobwebs.proxool.ProxoolDataSource">
	    <property name="driver">
	        <value>${jdbc_driver}</value>
	    </property>
	    <property name="driverUrl">
	        <value>${jdbc_uri}</value>
	    </property>
	    <property name="user" value="${jdbc_username}" />
	    <property name="password" value="${jdbc_password}" />
<!--
		<property name="user" value="root" />
	    <property name="password" value="" />
-->
	    <property name="alias" value="jobflow" />
	    <!-- proxool自动侦察各个连接状态的时间间隔(毫秒),侦察到空闲的连接就马上回收,超时的销毁 默认30秒） --> 
	    <property name="houseKeepingSleepTime" value="30000" />
	    <!-- 一次产生连接的数量 -->
	    <property name="prototypeCount" value="0" />
	    <!-- 最大连接数量 -->
	    <property name="maximumConnectionCount" value="50" />
	    <!-- 最小连接数量 -->
	    <property name="minimumConnectionCount" value="2" />
	    <!-- 同时最大连接数  -->
	    <property name="simultaneousBuildThrottle" value="50" />
	    <!-- 连接最大生命时间 默认4小时 -->
	    <property name="maximumConnectionLifetime" value="14400000" />
	    <!-- 连接测试SQL -->
	    <property name="houseKeepingTestSql" value="select CURRENT_DATE" />
	</bean>
	<bean id="scheduleMaster" class="com.qj.schedule.service.ScheduleMaster">
		<property name="scheduleDao" ref="scheduleDao" />
		<property name="jobDao" ref="jobDao" />
		<property name="jobFlowDao" ref="jobFlowDao" />
		<property name="executionDao" ref="executionDao" />
	</bean>
	<bean id="scheduleMasterV2" class="com.qj.schedule.service.ScheduleMasterV2">
		<property name="scheduleDao" ref="scheduleDao" />
		<property name="jobDao" ref="jobDao" />
		<property name="jobFlowDao" ref="jobFlowDao" />
		<property name="executionDao" ref="executionDao" />
	</bean>
	<bean id="scheduleWorker" class="com.qj.schedule.service.ScheduleWorker">
		<property name="scheduleDao" ref="scheduleDao" />
		<property name="jobDao" ref="jobDao" />
		<property name="jobFlowDao" ref="jobFlowDao" />
		<property name="jobFlowNodeDao" ref="jobFlowNodeDao" />
		<property name="executionDao" ref="executionDao" />
		<property name="hostDao" ref="hostDao" />
	</bean>
	<bean id="jobDao" class="com.qj.schedule.dao.JobDao">
		<property name="dataSource" ref="dataSource" />
	</bean>   
	<bean id="jobFlowDao" class="com.qj.schedule.dao.JobFlowDao">
		<property name="dataSource" ref="dataSource" />
	</bean>
	<bean id="jobFlowNodeDao" class="com.qj.schedule.dao.JobFlowNodeDao">
		<property name="dataSource" ref="dataSource" />
	</bean>  
	<bean id="scheduleDao" class="com.qj.schedule.dao.ScheduleDao">
		<property name="dataSource" ref="dataSource" />
	</bean>    
	<bean id="executionDao" class="com.qj.schedule.dao.ExecutionDao">
		<property name="dataSource" ref="dataSource" />
	</bean>
	<bean id="userDao" class="com.qj.schedule.dao.UserDao">
		<property name="dataSource" ref="dataSource" />
	</bean>
	<bean id="groupDao" class="com.qj.schedule.dao.GroupDao">
		<property name="dataSource" ref="dataSource" />
	</bean>
	<bean id="hostDao" class="com.qj.schedule.dao.HostDao">
		<property name="dataSource" ref="dataSource" />
	</bean>
	   
</beans>