<?xml version="1.0" encoding="UTF-8"?>
<beans xmlns="http://www.springframework.org/schema/beans"
    xmlns:xsi="http://www.w3.org/2001/XMLSchema-instance"
    xmlns:context="http://www.springframework.org/schema/context"
    xmlns:mvc="http://www.springframework.org/schema/mvc"
    xsi:schemaLocation="http://www.springframework.org/schema/beans http://www.springframework.org/schema/beans/spring-beans.xsd
        http://www.springframework.org/schema/context http://www.springframework.org/schema/context/spring-context-4.1.xsd
        http://www.springframework.org/schema/mvc http://www.springframework.org/schema/mvc/spring-mvc-4.1.xsd">                    

    <!-- scan the package and the sub package -->
    <context:component-scan base-package="com.qj.schedule"/>

    <!-- don't handle the static resource -->
    <mvc:default-servlet-handler />

    <!-- if you use annotation you must configure following setting -->
    <mvc:annotation-driven />

    <mvc:resources location="/WEB-INF/static/" mapping="/static/**" />
    
    <mvc:interceptors>
    	<mvc:interceptor>
    		<mvc:mapping path="/api/**"/>
    		<mvc:mapping path="/view/**"/>
    		<bean class="com.qj.schedule.web.interceptor.PassportInterceptor"></bean>
    	</mvc:interceptor>
    </mvc:interceptors>
    
    <!-- configure the InternalResourceViewResolver -->
    <bean class="org.springframework.web.servlet.view.InternalResourceViewResolver" id="internalResourceViewResolver">
        <!-- 前缀 -->
        <property name="prefix" value="/WEB-INF/jsp/" />
        <!-- 后缀 -->
        <property name="suffix" value=".jsp" />
    </bean>

</beans>